learning.Rate,Asymptote,ModelOutput,Endpoint,Rotation,Clamp_Trials
0.912908381263296,21.2294061367359,21.2294061366895,16.2650393332366,-30,-30
0.210729324688083,6.45166666630713,5.97396411500458,10.6844658216411,-15,-15
1,9.14013399822205,9.14013399822205,3.05135488551863,0,0
0.0316381339408224,44.2561890254681,13.1828102782431,14.5285089639907,-15,-15
0.476503650082796,25.6725499019707,25.6517759442386,-12.3737006564237,15,15
1,12.8747694577431,12.8747694577431,0.594303749571387,0,0
1,10.1539782512873,10.1539782512873,7.62730764278941,0,0
1,14.9995454789562,14.9995454789562,-7.00790122442526,15,15
0.0513591973360346,40.8946643093709,17.9972494574572,-23.8798148713128,15,15
0.277745974557833,46.6352228992775,45.3341436863247,20.368842766897,-30,-30
0.407859563545291,40.5126790833276,40.3855447418235,9.27244892662558,-30,-30
0.0896982809166341,19.9100826871346,12.8287979860953,-4.27636608565003,0,360
0.0457495389965573,58.3402634871367,23.4861092288548,17.4050506134135,-30,-30
0.385414690584577,19.5508412804511,19.4584631061377,0.44743724677963,0,0
0.508845853253106,22.3325012670974,22.3235407446269,-17.8945394986189,30,30
0.659657884907767,23.7971563480539,23.7969874604817,4.58339409524925,0,360
0.737296895756077,20.0191771744296,20.0191689413281,0.143372677812742,0,360
1,17.7487210144898,17.7487210144898,-16.4458625684135,30,30
1,19.7378625457787,19.7378625457787,-0.977216524789903,-15,-15
1,21.5274898661188,21.5274898661188,2.37668375674111,-15,-15
0.0395502605025274,37.9849752683702,13.6162438191038,-10.0277087139024,30,30
0.0800306085853514,25.2557640997306,15.166309955506,-14.0281537701095,30,30
0.0101883293232927,26.4941997071643,2.82251990484955,-11.0100848846379,15,15
0.824077521790863,16.2608171446636,16.260817063441,8.7822237170801,-15,-15
1,11.195242303672,11.195242303672,4.36946334936978,0,360
0,0,0,-1.43949406736336,-15,-15
1,18.1119137984996,18.1119137984996,15.7942599619236,-30,-30
0.628037400701873,29.3646406036301,29.3640868498511,-7.17686840891148,30,30
0.0101659871399166,64.6539777709504,6.87347014282529,0.0886182449301985,0,0
0.081023141264316,8.70775623498343,5.27014633540031,-1.46056340060554,0,360
0.664199095624175,6.11306327934174,6.11302585455216,-9.31445414688686,15,15
1,5.32681349133986,5.32681349133986,-7.95029308682222,30,30
1,5.26606152936536,5.26606152936536,-11.676744349491,-30,-30
0.546470407823617,2.67272612022504,2.67227983102041,-10.7411001160156,15,15
0,0.551062005414301,0,-13.7469281381514,0,360
0.00528993893748697,85.8185487177167,4.86371535042487,3.01689343154926,0,0
1,17.3537376058665,17.3537376058665,12.6325314318031,-30,-30
0.941242117342662,4.14926861950166,4.14926861950154,9.07887642105318,-15,-15
0.647164441495661,13.7243261627052,13.72418135661,-3.30053645184146,0,0
0.460522353415442,12.4268511653256,12.4128530652561,10.1574328531418,-15,-15
1,22.02156910213,22.02156910213,-13.8461887559026,15,15
0.347690906004792,14.474119173324,14.3424209521913,0.0122193241237843,0,0
0.399666046038173,13.3227006878842,13.2740695704453,2.74778768070849,0,0
1,15.6342690896277,15.6342690896277,-13.1420092434696,15,15
1,16.3176541717762,16.3176541717762,-12.5129949317125,15,15
0.294427998363082,30.5236950898822,29.8651404191267,17.1682167858921,-30,-30
0.311720185356682,29.447508271524,28.9639331871306,18.7731125419731,-30,-30
0.844046849386136,21.4446527135584,21.4446526850971,-5.76902049257002,0,360
0.667868022280944,18.0904917324528,18.090393587498,8.4416470791384,-30,-30
0.0715976890806047,12.0824798607311,6.74600557898187,0.683423147025797,0,0
0.747893835536122,19.7102946751993,19.7102895215931,-18.5738060170947,30,30
0.47943619176799,19.4069336267788,19.3921707634225,1.9158990659618,0,360
0.590163355432889,17.9913265170406,17.9903407328595,-0.281868567609824,0,360
0.968374910932745,19.5151713441263,19.5151713441263,-19.6596326628863,30,30
1,22.8530044288452,22.8530044288452,3.8542942644117,-15,-15
1,24.6940186403234,24.6940186403234,6.912750581523,-15,-15
0.248608258814888,32.3009888516635,30.9086452999751,-23.3702354757865,30,30
0.346601313018929,27.8530530885257,27.5949259669603,-19.7781521305732,30,30
0.470890088321675,6.38607377545039,6.38026293702255,-13.8764224993444,15,15
0.0317097755781698,66.1303228549321,19.7363393246504,3.54643323769864,-15,-15
1,8.28724998743792,8.28724998743792,-0.700036377653775,0,360
0.0135047094234111,42.3455980324301,5.88250964977173,2.98212896463833,-15,-15
0.169815566849148,14.0728305719981,12.2560524097284,15.6288311294916,-30,-30
0.611142973960141,32.9918126911101,32.9907985564353,-17.6988708977599,30,30
0.46688005242075,15.9243728283449,15.9086280483516,-2.76273179328652,0,0
0.514354141976199,14.7990663375184,14.7938212722505,-2.75694486569496,0,360
0.447983022662105,11.1626152383518,11.1464253916266,-13.2188610876541,15,15
0.963510176091403,10.7002407086095,10.7002407086095,-23.8472226072586,30,30
1,27.5691553616677,27.5691553616677,8.51050126583309,-30,-30
0.491591042252956,24.2607698688643,24.2465384005331,-13.6940010278581,15,15
1,6.23406214796154,6.23406214796154,-8.91048828751432,0,360
1,3.4067002196571,3.4067002196571,-26.2287964346524,0,0
0.239949455093725,19.4059835550337,18.4571219342687,17.4554137105224,-30,-30
0.162825257022913,8.24585564621724,7.07847357266938,10.8523908485793,-15,-15
1,11.2316555593818,11.2316555593818,2.34995517127048,0,0
1,13.0077906836974,13.0077906836974,11.3617085562765,-15,-15
0.439683054972212,26.9134884207905,26.8674901701968,-14.3841585038687,15,15
1,7.40626375160748,7.40626375160748,-5.84073202569569,0,0
0.894435315958351,9.32622760566244,9.32622760549323,-5.8640531166174,0,0
0.41764215235107,5.04968938076397,5.03649606614587,-9.83648980595328,15,15
0.0745558044189641,13.2381865566959,7.59296369751678,-16.6409394546282,15,15
0.836885989026059,28.9163401015553,28.9163400386703,11.8512556046447,-30,-30
0.854106584819287,28.3652987054563,28.365298687377,9.74298044135234,-30,-30
0.509228093221789,14.4645561615584,14.4588020039749,-4.74210746759241,0,360
1,17.3142439837598,17.3142439837598,18.3034140655102,-30,-30
1,19.283644084038,19.283644084038,1.43245901590462,0,0
1,19.9839652324128,19.9839652324128,-18.5953466203202,30,30
1,13.1158808525249,13.1158808525249,-5.06173053643815,0,360
1,13.1072892335269,13.1072892335269,-3.21789993132306,0,360
0.995713689181953,22.5345634275427,22.5345634275427,-27.7786299719014,30,30
0.802094400023923,31.9829325871548,31.9829320037672,5.20389940234812,-15,-15
0.801549553620291,31.9982025605292,31.9982019589422,2.62968244624525,-15,-15
0.592796828824778,28.330301928834,28.3288559102666,-27.2064030779654,30,30
0.507323791079169,30.4699629474168,30.4573141444861,-24.7263152289526,30,30
0.0307305791267048,59.310127126525,17.2356737878213,-12.1580293572827,15,15
0.62949949615417,13.5404713843996,13.5402268665229,3.14444133874716,-15,-15
1,15.7990877311554,15.7990877311554,-4.59475314720692,0,360
1,12.8494215843995,12.8494215843995,9.95023839777702,-15,-15
0.026261571528798,62.6220403126066,15.8923803943569,24.9640672144499,-30,-30
0.709032027554959,54.0948941319667,54.0948256693742,-21.6602460669069,30,30
0.471955731605336,19.8466531442145,19.8289902876391,0.629333599226602,0,0
0.500395591842686,19.2698383620292,19.2605108256907,3.49137114330768,0,360
0.678712332411048,16.3467121110875,16.3466505558477,-12.0654709130853,15,15
1,10.1587122421514,10.1587122421514,-20.4813228793974,30,30
0.385328433267497,30.6975102641101,30.5522397348505,9.4500093527428,-30,-30
1,20.6687785675266,20.6687785675266,-13.6673185771741,15,15
0.653049993585788,12.6748296036091,12.6747184616551,-4.935874107255,0,360
0.726530293624875,11.5080421766049,11.5080348144846,-4.12388390125863,0,0
0.222195074638647,27.9592197645928,26.1968273047214,24.8050922442102,-30,-30
0.584490303700534,9.77110833396729,9.77048555115214,14.7537224844922,-15,-15
0.11971903568161,17.314850514559,13.0563847282454,3.96014591410088,0,0
0.0332870094752873,55.959355754317,17.3985760681426,19.0419833368379,-15,-15
0.245433269470159,25.3060235202436,24.1634133401691,-4.49814905250019,15,15
0.506013323487873,8.83963209330067,8.83585374681691,3.60769932579866,0,0
0.395869164448523,10.6645929509636,10.6228690103091,6.67335710957741,0,0
0.617271732827629,8.77699637234914,8.77676983393859,0.729326824758721,15,15
0.565219776584853,10.1046253687333,10.1035649245563,-3.05606819099849,15,15
1,22.7457191394247,22.7457191394247,18.0204858238331,-30,-30
1,22.2526630915716,22.2526630915716,16.4649715484159,-30,-30
0.225299391524598,10.0104249973989,9.40658012349108,7.30442282460388,0,360
0.989418368142707,22.1805296737424,22.1805296737424,28.190936742174,-30,-30
0.740423957064727,18.877455587957,18.8774487825495,7.99917939278524,0,0
0.263992813271749,20.5133694919425,19.8090988126275,-11.485182010809,30,30
0.346673134021801,16.7224385472106,16.5676512555197,4.83637278771049,0,360
0.402431951965723,15.5701520946244,15.5161321792336,3.12680335134483,0,360
0.940369494864174,10.3715302466959,10.3715302466956,-6.65552941127153,30,30
1,12.6437017889105,12.6437017889105,6.57648426619146,-15,-15
1,13.0633484448883,13.0633484448883,10.5811213049188,-15,-15
0.57171098888762,26.8972280862927,26.8948357965785,-19.0787988295364,30,30
0.662867212279614,23.891695356877,23.8915425799124,-14.0693814047074,30,30
0.0238108042618908,52.2873732346431,12.1756991406302,-3.3434418279091,15,15
0.198542903090817,11.7102332175341,10.6839939867029,7.29067101896129,-15,-15
0.0851808044038463,7.62786969468261,4.76309004907011,2.64387720227949,0,360
0.0254668623502072,29.971534834168,7.40464505280776,8.96526915817787,-15,-15
0.749752354239659,8.63511682674105,8.6351147454241,15.5927174881879,-30,-30
0.662047001481759,25.6855705768577,25.6854018793903,-8.8390500722529,30,30
0.806078969348496,10.2981887462057,10.2981885960179,-2.58189465652197,0,0
0.79678138562874,10.5720045976407,10.5720043395599,2.4597791802251,0,360
0.598545483696568,8.84290925649796,8.84252324966122,-3.88289628335404,15,15
1,9.68671110595764,9.68671110595764,-10.2674108958345,30,30
0.441971186718472,17.8485482628174,17.8193856950664,8.75967501827691,-30,-30
0.032340461695497,59.5560763231706,18.072663524957,-5.85486669990691,15,15
1,6.92528142604117,6.92528142604117,2.23746826998699,0,360
1,6.40983850329651,6.40983850329651,5.26741048523776,0,0
0.226274520250289,33.4694693229773,31.478315944829,25.587518581194,-30,-30
0.0274876432385195,57.1249519269999,15.0840274409186,12.8147553196459,-15,-15
1,7.03367010548032,7.03367010548032,1.10931046243944,0,0
0.29634899424286,16.0628389029961,15.7265188644635,16.3583096790589,-15,-15
1,20.0865318586085,20.0865318586085,-8.10569136117169,15,15
0.214737947393061,11.2017276987075,10.4174935828245,0.698648495765518,0,0
0.340983982116971,8.62973013893487,8.54185765733972,-3.5375135867089,0,0
1,5.66538627147769,5.66538627147769,-8.00326372881972,15,15
1,7.0774143583768,7.0774143583768,-9.37267436952166,15,15
0.45480513702252,21.229457045009,21.2026030939479,11.6680856726238,-30,-30
0.188467409875346,29.8790560691899,26.8748308273561,22.0434038772352,-30,-30
0.62516002785697,19.3824664002019,19.3820685552004,2.23006874899978,0,360
0.281259893972586,16.677580453086,16.236595554538,19.2469607649108,-30,-30
0.519710559589726,15.7582804634186,15.7533368756612,4.41750389028507,0,0
0.708460948132112,23.3279299074177,23.3278997398491,-19.0966834893612,30,30
0.65424823376762,17.5267290820547,17.5265811339676,-0.26627293905961,0,360
0.66810346904729,17.3733300984426,17.37323657663,0.474651354460043,0,360
0.830183335620048,18.2682776321269,18.2682775702568,-18.1160558382962,30,30
0.419831010786138,24.2429680429025,24.1821985775707,5.08962074066188,-15,-15
0.38573374833454,25.4648280869343,25.3451915154737,7.85091669139294,-15,-15
0.248533201096188,35.2364792791434,33.7159307666317,-22.3362160657737,30,30
0.304748495359581,31.7648654398106,31.1820804848486,-23.4732418411035,30,30
0.123487060894609,16.3766688174829,12.5345816525105,-12.2709406599109,15,15
0.89345930413209,12.8033550870278,12.8033550867707,1.14473632386589,-15,-15
1,4.11987094704859,4.11987094704859,-2.20344544673675,0,360
0.548616872956388,11.7180048730292,11.7161477007018,8.80486305874669,-15,-15
0.0459383388206087,33.3118451215468,13.4536591188828,20.7498782927443,-30,-30
0.471468910448468,40.6401934116951,40.6036565120836,-20.4980437560232,30,30
0.763105068099127,19.3038639674492,19.3038614220394,-0.843536573104067,0,0
0.758394650866981,19.3962811495306,19.3962779734576,-0.460842207210654,0,360
1,12.3449166855234,12.3449166855234,-13.8274833111233,15,15
0.756185360566423,10.2896304816918,10.2896286193588,-24.0492793808407,30,30
0.429949431117957,37.0819746352157,37.0053779333398,12.3132976193314,-30,-30
0.75344418148495,19.6208022666082,19.6207982506926,-9.58711570942428,15,15
0.593603365847742,2.30231303641568,2.30219805821741,-7.75316750212333,0,360
0.00999049935872404,25.9906166990345,2.71776671363075,-2.01559544201426,0,0
0.414557405056829,20.7859090106723,20.7283522279052,23.241011529456,-30,-30
0.698751631644356,10.9657997677613,10.9657794342656,11.135024169633,-15,-15
0.575595551886846,11.9716103791938,11.9706471452658,2.10363384652563,0,0
0.198239330154978,13.7901775560313,12.5766152218913,12.1858101003806,-15,-15
1,24.2892702892925,24.2892702892925,-14.5621469794448,15,15
0.248716859269707,15.8678448747359,15.1849434476366,0.00724249372999106,0,0
0.372934343648692,12.9504174094651,12.8740818419919,-3.46794673250209,0,0
0.634527625232701,9.76028232661351,9.76013066960419,-12.7079170344757,15,15
0.592057368498231,10.127842936025,10.1273155762732,-12.9721338003095,15,15
0.580674277429355,23.8694961594966,23.8678138348942,10.6492332811782,-30,-30
0.299046324581523,30.1825269653834,29.576714664291,17.7495961743317,-30,-30
0.273106592425904,22.5555341757555,21.8803361742746,-2.899735850505,0,360
0.596199802571288,18.2119488710199,18.2111012763465,12.7328446817615,-30,-30
1,11.5894148977518,11.5894148977518,1.6480463383503,0,0
0.541993603765964,21.6962588277948,21.6922226356982,-21.7921158410482,30,30
0.509740613830914,19.0405289448873,19.0330409748618,-4.55002977496261,0,360
0.516742547209782,18.8566794937946,18.8503491195723,-2.08785495324978,0,360
0.425918218479634,19.9138444275966,19.869394964216,-21.6827766477392,30,30
0.434987471390793,31.0863689466071,31.0281306243847,8.86469121592985,-15,-15
0.557366271077898,27.2793879590777,27.2759019848678,0.950410712254008,-15,-15
0.388028226120584,24.1818044629945,24.0727774755797,-24.9749076379046,30,30
0.189149041362406,30.3165328422978,27.2963661681934,-33.9053493048555,30,30
0.703725504936693,21.2405100329876,21.2404772384227,-12.4272143190522,15,15
0.356454514327168,21.5182183510289,21.3494938936773,8.15189265697855,-15,-15
1,12.3199937311145,12.3199937311145,-5.27630237144587,0,360
0.0390608249277355,35.1619782717261,12.4775316943167,6.9011256859852,-15,-15
0.0505922004850027,44.6785877458092,19.4391204759457,23.7942385152422,-30,-30
0.251123744125405,58.3831786828849,55.9576947246535,-28.6292388046145,30,30
0.724203969889186,25.0795282718173,25.0795106606769,-3.38726193569839,0,0
0.703052882653454,25.5438298696619,25.5437894347722,-3.58417893258073,0,360
0.472521678791754,12.5218176863958,12.510804369275,-16.2565671428442,15,15
1,9.6756038902498,9.6756038902498,-24.9227492283678,30,30
0.711470049803059,40.232051433429,40.2320050169614,15.3703089247074,-30,-30
0.419724760263271,31.6893230065359,31.6097277113524,-15.8821194382129,15,15
0.624743949282173,9.79611969268755,9.79591614844479,-6.88614146734883,0,360
0.552881296472324,10.5750648935147,10.5735550419561,-7.85313466775347,0,0
0.0464327155143208,49.76411495727,20.266897243787,20.5678041430436,-30,-30
0.572406302232303,6.42938347039766,6.42882175855428,16.3830387260904,-15,-15
0.513256574097195,9.83438070721622,9.83080758347628,8.46116539976375,0,0
0.562677869587665,5.20952775637807,5.20894482912174,10.7127985696056,-15,-15
0.22491867061021,24.7410647013503,23.2405563556784,-10.9423465534014,15,15
0.918134016974039,11.1321470769205,11.1321470769082,-0.37480693133646,0,0
0.274981098562609,14.677943615651,14.2508649935552,1.58184811894987,0,0
0.10342191499383,16.3508941169014,11.4303761976564,-9.23872433828986,15,15
0.144957229658928,13.3406853132254,10.9581224313984,-10.2124131205234,15,15
0.300292083349354,26.3099852988262,25.792133761926,15.999187065327,-30,-30
0.233074672770012,28.5451380647596,27.0040905432674,19.7726561321209,-30,-30
1,15.9339212222202,15.9339212222202,4.93509628629796,0,360
0.147858952326774,13.7033404307899,11.3458345174951,14.862686988836,-30,-30
0.4831967104895,10.7117138485928,10.7041900540914,3.77992546963189,0,0
0.572038783936028,16.5762414299834,16.5747794729616,-15.0792409912524,30,30
0.870916715675185,13.0205711109386,13.0205711087798,-2.33866161654771,0,360
0.657985305292546,16.5141105830823,16.5139868893728,2.96468873448935,0,360
0.307182337424705,22.65010588849,22.2502728314805,-18.8110631190252,30,30
0.566414115880782,26.833889678796,26.831157493732,6.76100790948109,-15,-15
0.519582314269266,28.0712884033808,28.0624561564791,7.6329715641487,-15,-15
0.241261118155271,29.4800626027744,28.0657541279919,-20.5907988338847,30,30
0.267919725358075,28.0392442938619,27.1316075639698,-20.9285965028928,30,30
0.479177785334517,10.2251343665854,10.2173135243883,-13.1423613454038,15,15
0.888214821342974,21.6883257083226,21.6883257075839,7.42117412395606,-15,-15
0.831673689135936,1.70920047960894,1.70920047435525,6.90845389350159,0,360
0.628823348126703,9.18400794205041,9.18383873463166,11.4420261917081,-15,-15
0.882021220938393,9.03220218667689,9.03220218612017,20.1675196928907,-30,-30
0.39461310512931,35.3818273349182,35.2402011921018,-12.9815143683858,30,30
0.0421214314997816,52.8321233852993,19.9232445013336,4.26213414510978,0,0
0.133793869209012,21.2593694635742,16.8802764980642,5.60368141145319,0,360
0.678991572497091,13.9684156875339,13.9683635887091,-7.67775596282986,15,15
0.277854389581729,11.6901007496729,11.3644959583134,-19.1920520178543,30,30
0.473854059623435,33.8056888368419,33.7767715028001,13.082580613775,-30,-30
0.58761276347125,21.2554525369792,21.2542056481787,-4.55043534515861,15,15
0.121879556768421,6.75198323992626,5.13566705068869,-1.09952050031855,0,360
0.231049379888807,4.70023590146103,4.4390181889923,1.33731744256582,0,0
0.515138507918012,21.2308365735736,21.2234445773362,22.7249265171702,-30,-30
0.725455758610176,8.65143725010105,8.65143147148302,13.4727501505492,-15,-15
0.308351633249556,9.80157197082322,9.63173405711072,5.31395263390258,0,0
0.229532202760607,10.0293677811256,9.45976386845628,13.784683591726,-15,-15
0.241346431636994,22.9622441723943,21.8619903537621,-7.5489413116257,15,15
0.223220481642817,10.5427290369564,9.88774838837242,1.23775615009143,0,0
0.291341863522893,8.84109199918706,8.6409627960257,1.77874384624113,0,0
0.220448078037501,14.8357589207681,13.8772298690196,-11.1450107522845,15,15
0.187461121118923,16.1911751277626,14.540870846671,-13.5663326553686,15,15
0.179036685635596,44.0741078666184,39.0420597269734,23.0443791433744,-30,-30
0.28105576328221,33.7099893795859,32.815848628664,21.5976952020044,-30,-30
0.443265741294288,17.7813542289123,17.7530342943724,3.63241275077924,0,360
0.0896920041028707,41.5038262451055,26.7413208806424,26.9403341286443,-30,-30
0.415348932814664,26.408468082009,26.3364224885018,-1.82448210163004,0,0
0.149845693450498,34.8618679360828,29.0163095351116,-29.9212209368718,30,30
0.406566876297226,27.9772983688006,27.8873702734578,-2.55721474134879,0,360
0.32509865625985,30.8377141098618,30.429652819079,0.535681296575081,0,360
0.580509292900155,28.7664422975192,28.7644060435572,-28.5574981166612,30,30
0.33079309741455,42.216289355297,41.7073751323682,11.0363926190911,-15,-15
0.35656321774363,40.9268910658616,40.6065788676571,11.8275022069993,-15,-15
1,29.9470573933754,29.9470573933754,-17.8564248966056,30,30
0.976234152439541,34.7022942793927,34.7022942793927,-27.1751619466629,30,30
0.812602233365538,15.337043907403,15.3370437538883,-10.8981475219161,15,15
0.487012610527717,19.0505429454242,19.0382095987607,8.78945962666203,-15,-15
0.398700025778926,7.54480889774915,7.51677707866983,2.42476026568968,0,360
0.0328729798798344,26.0082582373418,8.00173126900867,8.47015082473675,-15,-15
1,14.608441983524,14.608441983524,21.4111296170701,-30,-30
1,44.1179914100942,44.1179914100942,-33.3190403853148,30,30
0.903999119701982,35.6377374510681,35.6377374508407,0.849532023171117,0,0
0.922013346726534,34.9165865751241,34.9165865751015,1.05956436866988,0,360
1,9.93002965278783,9.93002965278783,-8.77369010171009,15,15
1,15.7558342038278,15.7558342038278,-24.257513607047,30,30
0.220379512757097,46.9882440479894,43.94942464397,17.0443361314552,-30,-30
0.455977831337149,22.2907814491474,22.2632450045624,-5.28550322643907,15,15
0.40477908092059,6.27589748409453,6.25504605199808,0.66437807379248,0,360
0.485386380188418,5.61198080208457,5.60821887638388,0.739746511356578,0,0
0.140262748359304,21.1866397647328,17.16794265581,15.8844044551954,-30,-30
0.182757552084555,10.3258933229318,9.20442319533179,7.65332203342414,-15,-15
0.5198163432281,7.99435705072347,7.99185518117127,0.702184797142276,0,0
1,2.91139418922942,2.91139418922942,0.995651472493109,-15,-15
0.522621969249892,7.86143908682375,7.85913239929038,-1.80562350646986,15,15
0,0.441772202073599,0,-3.43336332467155,0,0
0.000604178180007344,2.4720400466173,0.0163795386113745,0.33476061254541,0,0
0.205293538203382,13.2176667754497,12.1622378651856,-12.8903736086018,15,15
0.281546818478725,10.8190208637347,10.5342004233215,-5.9267865677266,15,15
0.220785604706747,16.2464784966137,15.2017922464095,7.31498609465161,-30,-30
0.0215579333824925,64.5756508279741,13.7649633856612,20.2235247709138,-30,-30
0.329767318985011,19.8543419973361,19.6109327327776,1.4333698196306,0,360
0.0907938308936318,26.5510922172212,17.2321095682557,16.0761555565952,-30,-30
0.303091458244725,16.1420943579975,15.8380803852648,0.0042164120309125,0,0
1,11.3511366151311,11.3511366151311,-6.48869081437838,30,30
0.309254072170083,1.71973728341396,1.69036323725896,-5.42698537127918,0,360
0.00737110889356134,32.2881061589391,2.52360566801094,0.606692633620684,0,360
0.34860985514608,20.4197277218918,20.2367901261176,-21.1308263309372,30,30
0.240091191168941,30.1114472761585,28.6421560087087,7.06970355162438,-15,-15
0.293217111494757,27.5551892534619,26.9493607675578,7.79823455819474,-15,-15
0.801562628352934,21.8235967796984,21.8235963696978,-13.4768555862608,30,30
0.617363214490431,26.1116771823042,26.1110049975136,-21.1042301062649,30,30
0.737358538020964,2.62240041118585,2.62239933547595,-23.3111216389674,15,15
0.387473221593193,27.7356760828404,27.6093728008953,5.40016541631211,-15,-15
0.511038665684105,11.2715972696638,11.2672919524275,-3.38818363675538,0,360
0.0368572085997897,33.3250350173074,11.2770919783756,10.6356490346363,-15,-15
0.107303655136835,10.4896929816919,7.48012540504418,17.4085736971764,-30,-30
0.831074931081955,30.7448353087342,30.7448352104672,-15.7280332467426,30,30
0.262845254739553,17.4908707656187,16.879989576653,0.881613600616111,0,0
0.303602320243767,16.4194355942225,16.1126826818413,-0.0307315263478023,0,360
0.418794083789328,14.4967475831063,14.4596879711451,-12.8639638783482,15,15
1,10.1889048849727,10.1889048849727,-24.1556658252188,30,30
0.321623536639931,29.9534272333221,29.5340305354738,4.41037178601041,-30,-30
1,12.0588942131397,12.0588942131397,-9.54942013636627,15,15
0.137724193481231,6.81500559873408,5.47971919299278,-4.61667557725184,0,360
0.313018297443425,3.96160218577829,3.89788336463041,-7.0698011631368,0,0
0.235109205610913,15.9275536157818,15.0924452175527,14.8984078311696,-30,-30
0,0.248910132125168,0,16.8325569393617,-15,-15
0.144999722831864,19.4193447826572,15.9530668430263,2.25348631511557,0,0
1,10.8995361108039,10.8995361108039,15.638445429924,-15,-15
0.136907155321125,28.4532800514056,22.8199523405619,-6.77807763248595,15,15
0.41001176729116,9.59612840223411,9.5671967725491,0.81260573198108,0,0
0.404815362779921,9.60643470136135,9.57453907938647,1.84246948126996,0,0
0.506886168782662,12.5536194384757,12.5483569884558,-8.64580172754562,15,15
0.603000738200642,10.9686498061422,10.9682263193574,-10.0512914247049,15,15
0.904449910146447,19.6853594407621,19.6853594406428,14.1282167777079,-30,-30
0.389039116925616,22.9174736460617,22.816009127482,17.7515713150602,-30,-30
0.0215635608118531,45.8409102521759,9.77374285206813,9.84908658672257,0,360
0.0731732367868472,22.1168686038749,12.5293136885928,19.4851796043526,-30,-30
0.0504363952761446,58.6499425325882,25.4580316497445,-1.10846631763339,0,0
1,8.54060600780352,8.54060600780352,-11.4949257483078,30,30
1,11.2474086032904,11.2474086032904,0.11716284765469,0,360
1,6.36571695274151,6.36571695274151,2.35688699518605,0,360
0.2571180750604,15.2193468950488,14.6405666167718,-14.4354899940367,30,30
0.119773057249855,32.2302053434232,24.3087622417242,5.93036081991491,-15,-15
0.137665749917527,30.4735532764292,24.4983169128741,13.2859636828807,-15,-15
0.563993587359538,33.8588923903209,33.8552272180545,-18.2100057096049,30,30
0.698407889226403,26.8231996317827,26.8231492666101,-16.3840149110265,30,30
0.982718218008685,2.3997727362111,2.3997727362111,-19.8179599703865,15,15
0.330285514782926,27.1238465635366,26.7941321787128,6.47684770472808,-15,-15
0.0129926522481327,63.1347728187534,8.45925993866125,-1.35091051575133,0,360
0.0356006178923997,43.2689311742611,14.2285491354416,10.6460188473607,-15,-15
0.0387001386300004,9.02737548472547,3.17935098502469,15.5337805428424,-30,-30
0.183309420266041,32.1632207454332,28.6959118060752,-9.89955431139836,30,30
0.354718854218514,12.9177408634928,12.8134069970206,2.72052753953701,0,0
0.140792624576858,17.6122599009178,14.2941325875164,6.21070804835823,0,360
0.0335904057511289,70.9313118186665,22.2220494052538,-15.0551324573233,15,15
0.860438662329296,4.44996031521858,4.44996031347768,-12.4987157157746,30,30
1,12.295221767208,12.295221767208,-0.736466504788938,-30,-30
1,1.81819638829688,1.81819638829688,1.07397652702263,15,15
0,0,0,-4.86573659161476,0,360
0,0,0,-2.09755462536855,0,0
0.0747479946488662,44.2955671292092,25.4495035515318,22.5577395079457,-30,-30
1,12.5125122697675,12.5125122697675,9.83717402628236,-15,-15
0.38693387012656,12.4385926327492,12.3813984576196,-1.81461772176235,0,0
0.804516767298507,8.96388215658785,8.96388201379687,7.49923527237441,-15,-15
0.283262624846718,19.9676440013249,19.4556234465636,-11.1324499913637,15,15
0.47765774535268,10.5707818511301,10.5624332471052,-0.497635142634952,0,0
0.415440627621834,11.1785721291231,11.1481281621611,1.09223541355348,0,0
0.342673042300846,15.8727833954069,15.7156570647195,-13.8246124295933,15,15
0.306061542085814,16.6292552453831,16.3304396067634,-16.6170739474735,15,15
0.0714618944386842,72.476646313772,40.4143124949046,19.7304149117809,-30,-30
0.193634263349212,35.7822898632305,32.4286157864158,18.2078994407251,-30,-30
0.707566317258434,10.0828976029796,10.08288411687,10.5153196403232,0,360
0.258380010991824,13.5227617393738,13.0180294461899,23.2305233639103,-30,-30
0.562118027528504,21.5758465818407,21.5733981074366,2.89150605771165,0,0
0.517501154722451,23.2767841298505,23.2691037616559,-20.55776970096,30,30
0.850653018683528,16.5221626490588,16.5221626354373,-3.06817382362195,0,360
0.576693085514056,19.7600399111445,19.7584946680735,8.92790944575593,0,360
0.686174863139367,29.1141563545936,29.1140716963594,-18.7301403263612,30,30
0.295889775756431,27.6964793140707,27.1124001366276,8.16073542989663,-15,-15
0.269486804469449,28.6660290369218,27.7597201193147,12.4341283519401,-15,-15
0.647060123618049,24.764761757228,24.7644996118674,-12.4954853066186,30,30
0.213901272218496,35.3185809086158,32.816788484895,-25.6394442473763,30,30
0.748719882983281,9.56530944765228,9.5653070353129,-15.2318148114371,15,15
0.885719642317899,18.2419591118919,18.2419591110998,6.28527527284771,-15,-15
0.00491148698715526,20.8886740534397,1.10122930406473,6.39544416545245,0,360
0.437345384477013,4.21155438306169,4.20401903778787,11.3091161361297,-15,-15
0.023063975278883,25.8001947560272,5.84066271408132,17.0619517051798,-30,-30
0.180549298914925,42.0178615876974,37.3169174698091,-16.3310583845952,30,30
0.0429905834313976,46.3047725045803,17.7483317376131,-2.63294882917075,0,0
0.162876697388359,17.3904753831965,14.9301349785595,-1.34235467207355,0,360
0.780002313536458,11.5843041113459,11.5843034345321,-12.8842489469083,15,15
0.406169006523583,13.8948385667581,13.8498455644934,-25.9388803354262,30,30
0.136942699291864,50.0825676426821,40.1714524565737,10.3554702857862,-30,-30
0.119067724494009,41.9752557177003,31.5674041076848,-17.9516065896327,15,15
1,4.01483203590182,4.01483203590182,-11.3284199390898,0,360
0.0189969061016373,39.2746985752276,7.47031311665946,-3.9230157281049,0,0
0.649101836151268,25.1146187720017,25.1143693592565,26.40987055269,-30,-30
0.108964156732458,20.8605733376806,14.9968541955075,12.3661910028028,-15,-15
0.278120069409823,13.6562001624268,13.2773700257636,2.72629983744367,0,0
0.099853390474974,28.2378360526734,19.3606123796542,20.1620386012407,-15,-15
0.617214424372813,32.0121458587674,32.0113182482682,-11.5719608172426,15,15
0.640200124472967,11.3030723991246,11.3029245333693,-0.25179557248943,0,0
0.299090909930995,15.8827556674621,15.5641859641397,-0.178718796430625,0,0
0.416151369336238,9.48128306335926,9.45580478733864,-9.66485830250093,15,15
0.386105607697965,9.94155835185497,9.89516189726103,-12.2823831861152,15,15
0.459939581810582,37.6405465620193,37.5976401940359,25.3115779834219,-30,-30
0.449227285819531,38.0096832766887,37.9559069869612,26.627205494196,-30,-30
0,0,0,34.6735461236925,0,360
0,0,0,27.282040912825,-30,-30
0.59173830135078,25.1565390989662,25.1552178766116,-0.242984465857016,0,0
0.451082817944825,19.182543932604,19.1563933554549,-20.338989768306,30,30
0.698676176661488,24.9217880367559,24.9217416976809,5.86729375005291,0,360
0.252794730869704,33.6510886817346,32.287013514533,16.2918805695385,0,360
0.583422248448623,39.6667598790827,39.6641592194626,-26.7680126121358,30,30
0.35859731849566,44.775398162925,44.4369610822727,17.8718590983124,-15,-15
0.390195629167122,43.2673137023159,43.0797037840813,16.5748416553176,-15,-15
0.271259010043716,37.5800250795855,36.4232145145574,-19.4779246384856,30,30
0.23970810650519,40.0073274252429,38.0443129615618,-22.4344641857488,30,30
0.216461614567657,13.6127247212068,12.68245665475,-10.4056187104682,15,15
0.745058948657196,19.2417903767089,19.2417846870926,9.81979092181996,-15,-15
0,0,0,26.1068913879478,0,360
0,0,0,18.04710603559,-15,-15
0.168220667703274,9.08661101338246,7.8885158587162,26.4318521489522,-30,-30
0.362578491065282,45.6487615145511,45.3265635043147,-17.9166963394194,30,30
0.369706378109099,19.135415128211,19.0160685629252,2.94533968401417,0,0
0.0201346089967381,110.905770272472,22.2341290338255,22.5993115377392,0,360
0.748784332756756,31.1122586738482,31.1122508495486,-10.0501017075988,15,15
0.794350443741038,15.623340065499,15.6233396308092,-23.7777681851381,30,30
0.327777674130449,44.7515179028138,44.1846915614492,16.8614955671599,-30,-30
0.329588536471105,24.1428189836606,23.8459644213664,-6.73303195212807,15,15
0.472708191718528,27.4444652723393,27.4204207561952,24.5958816573946,0,360
0.737582656251247,17.7322174869333,17.7322102811543,5.641956974491,0,0
0.298155939301873,21.0997255223256,20.6702645276382,19.8917531470568,-30,-30
0.106665272771015,8.42281139909824,5.98716935253545,15.7530173871739,-15,-15
0.77873123561529,12.2509138034007,12.2509130408132,4.11809477393807,0,0
0.361613781461164,11.318779945338,11.2375496282309,15.2856407116346,-15,-15
1,19.0732918778082,19.0732918778082,-5.57447665469482,15,15
0.349030593162145,7.66021697908435,7.59207614609881,1.92508815153867,0,0
0.45723795617138,6.81137659850263,6.80317423420731,0.993112281849177,0,0
0.423147661910533,13.2843831598111,13.2531185780651,-10.8658899673276,15,15
0.501458276385053,11.7253046367521,11.7197604129332,-8.34884725604751,15,15
0.203806481752264,35.1701560214108,32.3034754063736,23.8896232888264,-30,-30
0.239673203989141,32.6959189475701,31.0908384811003,23.3570957742729,-30,-30
0.380270528314511,1.87796459096151,1.86823911090701,22.7286981596972,0,360
0.113031580337003,2.77627063463134,2.03418926594086,24.2770431971069,-30,-30
0.165742813691298,32.2498604317375,27.8561911936716,-1.3183823907893,0,0
0.773671326599318,16.4390011465077,16.4389998342753,-17.5786306048367,30,30
1,20.9337674575312,20.9337674575312,5.20624796626118,0,360
0.184073811454699,30.3969175974698,27.1536024774659,11.2935722812723,0,360
0.71374675218007,36.9014854125752,36.9014463915657,-24.716142246078,30,30
0.455278685587572,36.2842648716757,36.2388041433829,9.92277874005176,-15,-15
0.444429723246719,36.8110596326544,36.7537658693792,10.8607423144544,-15,-15
1,33.237906686288,33.237906686288,-23.1029632212276,30,30
1,34.0757706512466,34.0757706512466,-20.8174029338612,30,30
0.445461958918274,7.15549323936381,7.14458174182707,-14.8567339163594,15,15
1,22.223648327259,22.223648327259,7.57653998581173,-15,-15
0.0156292967047049,42.6216674998777,6.78101442120404,0.0483115851982894,0,360
1,9.82476996295446,9.82476996295446,9.2175192865003,-15,-15
0.669304238398402,11.5122363388153,11.5121767897961,19.8084435153258,-30,-30
0.55379791490197,43.1856552218577,43.1796270300469,-23.6587652589245,30,30
0.564260543866174,23.2396652200238,23.2371664538131,-2.1722600916515,0,0
0.515275793473092,24.4175533420272,24.4090782594693,5.65718166359089,0,360
1,20.7221606252572,20.7221606252572,-17.8737092280921,15,15
0.0439798632635344,32.7272407729053,12.7724659650179,-29.2538440805813,30,30
1,36.3782899302288,36.3782899302288,5.34720081337051,-30,-30
0.829603804650463,17.4693611563975,17.4693610949738,-12.7147328926038,15,15
0.0228351254497997,29.3742464369857,6.59113394641621,-5.58732528586694,0,360
0.0246431100916446,32.5001673840775,7.80086337962244,0.0169138988019942,0,0
0.0320146536849142,155.970110666661,46.9270603341282,37.5902769000295,-30,-30
1,19.1731428066282,19.1731428066282,21.9043102708178,-15,-15
0.576985454279798,16.6067299425087,16.6054411220047,5.89899324500339,0,0
1,10.4372844325777,10.4372844325777,14.5892760470779,-15,-15
0.727792094371267,19.3087043190887,19.308692579275,-2.8238008139671,15,15
1,3.77368283837002,3.77368283837002,-1.84823481085668,0,0
1,3.80572195037261,3.80572195037261,2.85980946043172,0,0
0.248323921618047,14.1583985122545,13.5455513850706,-12.7890855114024,15,15
0.0542277198068572,35.557064331384,16.3005228704352,-23.3041239301708,15,15
0.644765682240137,47.8066604188437,47.8061169777607,15.6316266612697,-30,-30
0.67487409178718,46.2505451818151,46.2503467166825,25.4529455017294,-30,-30
0.0130776290028074,101.931534164401,13.7410984101856,16.7147167039884,0,360
1,12.544702281038,12.544702281038,25.0262551153219,-30,-30
0.648256379646143,22.1110847505135,22.1108592754222,1.16921644267576,0,0
0.206678701014543,25.816961053266,23.7946620064826,-21.0557344272039,30,30
0.274006528088302,28.4295033536351,27.5899870316859,4.82075636767882,0,360
0.495924259254446,19.7530307442072,19.7424847505299,-11.0144392660376,0,360
0.0294304405979728,40.754404534541,11.4138796057033,-20.7058652499611,30,30
0.364096602202524,27.6088956695046,27.4190714440331,5.68757557156039,-15,-15
0.347044471618134,28.164890021357,27.9058137155822,5.24308532571566,-15,-15
0.250015244828235,29.3679969481998,28.1279129073211,-20.81139804469,30,30
0.267723537829134,29.5495333629192,28.5901847577433,-20.8201996314776,30,30
0.747696185498404,7.0732810792048,7.07327921375787,-16.4258150663646,15,15
0.426785958781974,20.5006373137942,20.4556331823855,6.19921276298175,-15,-15
0.933754490774316,13.5157630061513,13.5157630061499,-2.41229534516912,0,360
0.0353708092866109,67.4108015727384,22.0486243135084,13.4502977513018,-15,-15
0,0.711588968834382,0,12.9502193373201,-30,-30
0.274399664252775,24.6431571134787,23.9197736593167,-11.0956014205343,30,30
0.365896494311081,10.8988721742481,10.8262376233675,-2.33801367378942,0,0
0.230750607233632,14.9201421918048,14.0873977453017,-0.66226610512664,0,360
0.427668489082375,7.52406393973464,7.5078242880241,-8.2119254918156,15,15
1,5.47325662812209,5.47325662812209,-13.2169384119956,30,30
0.200260050075468,46.4789379975844,42.5006804178006,26.0048788909599,-30,-30
0.603153231172061,38.2439115414195,38.2424412154114,-12.9219494274639,15,15
0.0177414742828194,74.2298005801801,13.2673844157346,1.5319456703319,0,360
0.117537888797574,10.0901662882369,7.54007885947732,-7.15635342759944,0,0
0.15815434621903,31.0649871867436,26.3894836069572,27.0847513954338,-30,-30
0.72067621303767,11.009233585837,11.0092246949678,15.8126410517448,-15,-15
0.341177788182482,11.3814123526159,11.2658951353781,5.06979751277396,0,0
0.128411844884281,17.6224674425485,13.7365709168515,17.9708196508633,-15,-15
0.214387102366992,34.0801819092161,31.6824724492636,-12.932836603484,15,15
0.988917164317198,13.4548336027448,13.4548336027448,2.37894626383725,0,0
0.933800047103495,14.247819686819,14.2478196868174,2.7332322604088,0,0
0.775920670629564,13.7758373451576,13.7758363599273,-10.4883821976267,15,15
0.732919226050527,14.8351554232561,14.8351481057855,-11.7851344845489,15,15
0.365246499806462,27.2683080438468,27.0845212339619,15.286877675037,-30,-30
0.214683247866893,34.0943298662896,31.7055527041774,22.0520002956756,-30,-30
0,0.407550060482035,0,23.7307132100886,0,360
0.0425892740182949,35.4345036832624,13.4808136016122,35.9454113621803,-30,-30
1,28.3223605293175,28.3223605293175,7.16882857951424,0,0
0.455256842847945,25.12357267287,25.0920813418828,-19.3697053069095,30,30
0.186326214546513,38.0797367058825,34.1383640019561,12.5576160657859,0,360
0.27658763727349,31.7171168357246,30.8165024250176,7.43941187351807,0,360
1,21.5423654166806,21.5423654166806,-17.9956511426697,30,30
0.521633798692343,31.8592226867864,31.8496595463152,14.1384253453942,-15,-15
0.454472420402257,33.5685686243777,33.5258205407104,18.7297310596519,-15,-15
0.213925094506595,45.871963216529,42.6237047347944,-20.0380222926742,30,30
0.287623826182065,39.5752431509167,38.6263291963155,-18.5370401291707,30,30
0.745929979221229,8.88233002360641,8.88232749422362,-9.55813601272035,15,15
0.376912077256497,23.1800687271284,23.0526722592446,13.030148014777,-15,-15
0,0,0,24.9210188070613,0,360
0,0,0,15.4844211163125,-15,-15
0.833737254743485,8.02958835606035,8.02958833451082,21.6602571717687,-30,-30
0.405921113925819,40.7220532108607,40.5895839966259,-14.6744903792627,30,30
0.21481456015749,20.7836422905989,19.3301381510667,2.21506036417674,0,0
0.280827891702527,18.0490559751765,17.5686419414936,8.67755674901856,0,360
0.686487140359836,14.5733323132,14.5732903983592,-5.04383782705808,15,15
0.817957821691537,18.2797060379116,18.2797059049086,-26.8557154527018,30,30
0.290352598177818,56.6690235731561,55.3664132449782,26.8228913339228,-30,-30
0.289518718075006,32.7630593750121,32.0001666102838,-1.15384974235436,15,15
0.0627598279399144,72.7804775005479,37.104593220865,29.9186578243307,0,360
0.323071205249802,21.8484083827051,21.5496000698951,10.6044053592621,0,0
0.0187617100816635,43.1060657208996,8.10689591369209,6.71948577302604,-30,-30
1,11.6451328714006,11.6451328714006,-7.15600079138163,-15,-15
0.601904143892989,2.35160597808045,2.3515123882239,-3.3594993470141,0,0
0.0186350340536389,51.078469672535,9.54732261304564,6.66112137718409,-15,-15
0.791516613010986,24.8555518609829,24.8555510570693,-20.1235747514066,15,15
0.24781976744958,11.4832306925755,10.9824989024659,-10.620605153717,0,0
0.211726877973039,13.0821558684447,12.1268922817958,-7.21731714568132,0,0
0.678997048459722,12.193262806165,12.1932173367657,-15.0625626548596,15,15
0.611635848051716,14.971281950801,14.9708281246905,-34.7919741931649,15,15
0.0194742817075227,117.167518051709,22.7927031824607,-17.7828231852768,-30,-30
0.0776417795967041,50.2971389914994,29.6224430111112,2.51138071308387,-30,-30
0.195060536733848,27.0934566663114,24.603109838706,-21.773870249201,0,360
0.387247861984723,35.3366656395882,35.1750963724345,10.3765750128521,-30,-30
0.845577222593336,20.1804429519072,20.1804429278771,-3.24963257516643,0,0
1,25.1850097828585,25.1850097828585,-24.395052715912,30,30
0.216228958482211,15.5763610802623,14.508419853572,-11.5255129778269,0,360
0.368089750643587,9.32394951735304,9.26413462738265,-18.1972597304191,0,360
0.0405377282745435,54.6855570706155,19.9975329966222,-34.8230488378301,30,30
0.238895275512021,40.1013352300657,38.1104444790254,0.00838742280012283,-15,-15
0.337396597859206,32.8763735504489,32.5210089346874,-5.47446291134787,-15,-15
0.831679422585762,28.27169762532,28.2716975384517,-30.9653294288559,30,30
0.829057745030245,28.4971230334247,28.4971229296373,-36.6537827595229,30,30
0.708605388260999,18.5773342112004,18.5773103176834,-18.2178202563016,15,15
0.0629931475377783,12.9861811710726,6.6379622677032,-12.569845717372,-15,-15
0.172765079544554,10.0362538947516,8.79033695449306,-22.4256241397071,0,360
0.137531068259485,33.0358572656652,26.5470684864673,1.63679401447743,-15,-15
0,1.53923148034173,0,-2.47189580096273,-30,-30
0.425678573636276,26.3034472282851,26.2444654479536,-25.5506746257574,30,30
1,14.4781049130232,14.4781049130232,-12.9063941823252,0,0
1,17.5602707671198,17.5602707671198,-5.62578747868965,0,360
1,8.28551176934231,8.28551176934231,-14.2103697675236,15,15
0.850322975664066,16.8616595518187,16.8616595375756,-26.5981277230496,30,30
0.178120797098963,49.1730123457778,43.4895273778521,14.163513758613,-30,-30
0.338255062344935,29.9241530645767,29.6052793128457,-15.3916268440658,15,15
0,0,0,-27.6305853959181,0,360
0.000832907670500564,74.8146192233811,0.682602908967063,-6.55599433380868,0,0
0.407269913298256,26.3520311996517,26.2684245554253,24.6378749354463,-30,-30
0.409503475265387,10.5027321977291,10.4707658442326,14.3046194152218,-15,-15
0.164719196358521,16.0747407872856,13.8550039721346,0.629775652854429,0,0
0.472722346688041,13.9380301617478,13.9258224455728,12.4588340227351,-15,-15
0.403878896770064,17.866378912087,17.8060235302178,-5.25984363652385,15,15
0.111647180500417,16.8220271946713,12.2477901525654,5.74091235592022,0,0
0.27260140037997,8.86633773479305,8.59888851385414,4.90867752966868,0,0
0.248844932295645,18.979002903538,18.1637375064741,-11.6893082657082,15,15
0.345259673310845,16.370192088424,16.2150199397609,-11.7226339859915,15,15
0.274021309265089,36.2669542482914,35.1962397326504,22.7970641734215,-30,-30
0.267828923732898,36.169053466772,34.9966545812801,27.9891581046469,-30,-30
0.77957478299914,4.31794010864824,4.31793985092674,25.0983820748451,0,360
0,0.486497853500448,0,24.482116799126,-30,-30
0.376949882510163,20.6157451555317,20.5025176755271,1.22070227771986,0,0
0.376349340896959,21.9680477462963,21.8461076015806,-21.6675367822679,30,30
1,19.3620256950249,19.3620256950249,1.31501522556324,0,360
0.106410253512823,39.6254675998512,28.1308548362828,15.2294502891019,0,360
0.866051923073373,33.8044498886155,33.8044498801962,-14.611851399606,30,30
0.666415199079157,25.3642396021171,25.3640952275653,9.35300816549087,-15,-15
0.569321104664368,28.4510186779605,28.4483284609426,16.4784831643543,-15,-15
0.523573114342132,30.8534806065719,30.844624087926,-12.9091758365959,30,30
0.504409264635537,31.69491336117,31.6808740907869,-14.368013153473,30,30
0,0.880810052359671,0,-15.3673137285005,15,15
0.449365809619195,29.8422708261652,29.800166493724,14.8048306987739,-15,-15
1,2.43601506523296,2.43601506523296,16.9565116594377,0,360
0,0,0,6.48146499173965,-15,-15
0.647441675404853,16.4972150760081,16.4970425115521,20.6317491432985,-30,-30
1,29.7615545486808,29.7615545486808,-7.36155579048672,30,30
0.134296271541659,10.4099329926446,8.279292867313,2.03300814954584,0,0
0.0342022149325514,37.3542157085096,11.8807592313573,10.1476454232551,0,360
0.0288945594856836,89.4116529991411,24.6490369714389,-8.33379437378848,15,15
0.0348378678115703,84.4482615610954,27.2748997538197,-30.7881024685747,30,30
0.382069449407382,47.7516916923535,47.5121808916635,18.0994803163372,-30,-30
0.615620026178481,24.8899868689038,24.8893132830637,-6.20006016364341,15,15
1,13.7478654739394,13.7478654739394,10.571758900511,0,360
1,12.2800894839674,12.2800894839674,5.16144271045486,0,0
0.70526008038832,24.4859297445119,24.4858940381858,19.6682996185211,-30,-30
0.0820303703021957,12.5616205524378,7.66206015982655,12.0387515748217,-15,-15
0.112554445021953,15.2603660348594,11.1571550020157,2.51566496941716,0,0
0.256177444561512,11.7178340294586,11.2659675533133,12.971692444394,-15,-15
0.229886631575151,25.415516658714,23.979365248671,-9.74978943572655,15,15
0.805071901473033,6.60377950733217,6.60377940537648,-6.5163598898377,0,0
0.734935317646161,7.86460008265403,7.86459651364897,0.295958551285172,0,0
0.485930598221344,12.0052051331618,11.9972507064019,-10.4108234725267,15,15
0.316361741098062,13.8582589733182,13.6470080447033,-13.5627769353999,15,15
0.151659479188797,43.0181316459736,35.9724361356233,18.3043103103111,-30,-30
0.224058406764844,34.9552192894638,32.8092110481157,21.2738416868755,-30,-30
0.00778630084505611,62.5372968991744,5.15254434113949,19.0017535762183,0,360
0.0152749865160153,24.0698892728113,3.74918479056569,21.7706915491418,-30,-30
0.502570808120675,22.6116035115027,22.6011713256686,-0.0976828955501478,0,0
0.387933344607852,28.0403841636181,27.9137444607067,-30.1761753220362,30,30
1,11.5656365930288,11.5656365930288,-18.1925639575775,0,360
1,10.6282603353416,10.6282603353416,-24.5803304991317,0,360
0,0.778949548257606,0,-25.0758173295687,30,30
0.6263604266309,28.7381822832132,28.7376128525656,5.69975297514798,-15,-15
0.436927391035101,31.6477209470761,31.5906321548651,10.0272488015097,-15,-15
0.426506493008751,37.4175223508449,37.3349397446555,-29.4621595208433,30,30
0.458490237044294,36.6074432636631,36.5644660160253,-27.5764408338569,30,30
0.597464544250345,10.4153976453965,10.414929348381,-16.7512503053702,15,15
0.56583247455352,21.2871036356226,21.2849040175787,4.36108599821481,-15,-15
0.0221772624703576,68.3988145898078,14.9534523703534,-9.69768755548967,0,360
1,17.6040283708028,17.6040283708028,4.67677461273152,-15,-15
0.69776260541573,15.6653445428671,15.6653144287513,17.7953993624474,-30,-30
0.373038711036996,37.8782424391739,37.6553795213209,-22.9501157537418,30,30
0.525309717606074,19.1866292846313,19.181338593148,-4.39496772551411,0,0
0.680989001784934,16.6661986401116,16.6661406039381,-17.6738817886621,0,360
0,0,0,-13.2718226080298,15,15
0.054814895297332,33.0160298561511,15.2573611007554,-26.1602747606803,30,30
1,34.7814875893629,34.7814875893629,11.7966936082026,-30,-30
0.734838314282458,23.941316053207,23.9413051446701,-13.0720692862909,15,15
0,0,0,-17.1460356478294,0,360
0.00312789993219414,54.5179358366625,1.84673022990137,-1.25891097352079,0,0
0.140127768236462,28.0112087916444,22.6888393355476,19.287299824304,-30,-30
0.0327434534413089,33.3682951321119,10.2320714898613,11.402962334802,-15,-15
0.645333196824409,8.45683889566276,8.4567444386946,2.5793492224302,0,0
0.204762897302768,14.1451561226572,13.0073435633385,15.7522598270179,-15,-15
0.214746894355621,33.2238834995512,30.8981674771467,-13.6758721581672,15,15
0.979964798034564,14.9699897845731,14.9699897845731,1.71143084664567,0,0
0.998132777679456,14.5511087383392,14.5511087383392,2.21019946217462,0,0
0.547075635833712,14.7223849282983,14.7199624455939,-13.7785060942759,15,15
0.582814069221156,14.4900519290405,14.4890865538495,-12.7852779863511,15,15
0.462497771883175,31.1178111237317,31.084145086599,17.9155132887686,-30,-30
0.428566567965573,32.6057559963861,32.5365862196362,20.3939585529757,-30,-30
0.0393199492136061,48.978173535224,17.4739281454101,3.89760730609351,0,360
0.37783500159054,20.5352572352489,20.424221832332,24.0721161793757,-30,-30
0.449837405433841,21.192132509967,21.1625131059938,2.5523108045359,0,0
0.381380557411269,19.20028352676,19.1027920025267,-16.1205300511331,30,30
1,17.5551214594036,17.5551214594036,4.21245180222332,0,360
1,16.3190253161535,16.3190253161535,4.63235833208238,0,360
0.477421709848638,22.7072354506788,22.6892123602273,-18.1999295653252,30,30
0.256354149104738,28.1162428567606,27.0348461644668,9.08450863701671,-15,-15
0.284317857224633,26.333567838353,25.6691646675723,6.78254206994762,-15,-15
0.35620266375401,24.8825180289418,24.686572545613,-18.2768915265406,30,30
0.36740853471379,24.6282802556066,24.468401522632,-16.4940297426516,30,30
0.895375468115118,4.72701731377941,4.72701731370169,-14.5770122813823,15,15
0.740118191561421,18.5636946036778,18.5636878241554,4.17396265990275,-15,-15
0.0201266676807789,37.8375064255475,7.58287760317998,-3.14123240435682,0,360
0.349189542425863,11.9660085283119,11.8598514251672,7.25091465820652,-15,-15
0.436895205216123,9.23707353399068,9.22040045223928,14.5499498478154,-30,-30
0.374538606548669,24.730297560519,24.5885763247258,-9.4545994415253,30,30
0.232672130587932,9.50898573759646,8.99265867442629,-1.75744033437949,0,0
0.130164112260424,13.9740755680952,10.9601423314577,3.27615782770342,0,360
0.810055175323448,11.8314261288415,11.8314259914565,-9.34141468320781,15,15
0.22607283796839,15.3554612298289,14.439317010253,-25.447171558088,30,30
0.40113965075169,35.4878855572095,35.3618011805607,11.7784370569604,-30,-30
0.324094938474403,23.3156838918684,23.0020732119192,-10.2780249455655,15,15
0.128283638478129,20.7692955839218,16.1820822355139,2.05233495427112,0,360
0.305997042468524,10.3388560457358,10.1528842768445,-1.57069702306863,0,0
0.115375300813522,26.7511541125679,19.8058351794463,15.898565168348,-30,-30
0.014016446032178,19.8166705881126,2.8499826663076,11.3323550409728,-15,-15
0.0579074585966445,28.26066399803,13.598043917573,0.0488475209758939,0,0
0.257000196202196,12.3069849116237,11.8381419960555,11.1188234710227,-15,-15
0.480185719568275,18.368636039679,18.3548827313664,-6.6437244125944,15,15
0.655430005491448,5.82958554986649,5.82953815954055,-2.81989442243841,0,0
0.745539519587507,4.73244848657346,4.73244711597681,-2.62087820133911,0,0
0.449620451353294,10.9761203236941,10.9607127581336,-13.6839337728553,15,15
0.29540347581387,12.8341327505858,12.5614158904509,-17.787604505161,15,15
0.300810298093531,36.0587224596297,35.354750128255,15.4765099180863,-30,-30
0.365762375284858,33.3910617923274,33.1680117801863,17.4656862959346,-30,-30
0.00502902266209633,63.4102381001171,3.42092002172733,14.0750157251627,0,360
0.0459704810442834,31.3478082004118,12.6673674377897,25.3203039691483,-30,-30
0.28889583084661,21.658594867782,21.1493862424,6.11863496219621,0,0
0.328347126358926,24.9886529867851,24.6750815504347,-18.5830472706599,30,30
0.402726167504241,19.2641622904532,19.19768726738,0.268048566195546,0,360
0.353753258766892,20.719137189796,20.5490178480851,1.82775023323439,0,360
0.892000586236619,20.7701391265797,20.7701391260954,-18.3755607673496,30,30
1,21.148666240617,21.148666240617,4.18311750187917,-15,-15
0.936012012315333,22.5841393600453,22.5841393600437,9.26092560903575,-15,-15
0.664411433688085,24.2598239034137,24.2596764121293,-14.0033342883162,30,30
0.4079477419881,30.2863044398722,30.1914174338827,-30.5512323203418,30,30
0.417499226095468,18.9337088671406,18.8841070863606,-10.6055306694277,15,15
0.361526740676093,16.3277887077223,16.210434892815,5.33969448507875,-15,-15
0,0,0,20.3712971628527,0,360
0,0,0,10.1836282616913,-15,-15
0.325683004655641,11.6082519657163,11.4561019544981,21.9718572040852,-30,-30
0.570454388535991,37.8629232328654,37.8594453392713,-16.19417301887,30,30
0.60704535592316,14.3189147699398,14.3184208269937,1.11408760369267,0,0
0.0147067139027297,83.2441535532329,12.5189021673639,8.59320536072682,0,360
0.640948393785121,11.4271876503427,11.4270415453787,-2.16189661173677,15,15
0.386799634185769,22.0333925504763,21.9318360259685,-23.0479255946591,30,30
0.54895126030002,38.2080038250118,38.201997448412,11.6776585516019,-30,-30
0.224735915738278,25.6446931353371,24.0853423626945,-12.0643830672204,15,15
1,5.97660159838479,5.97660159838479,-7.04465069914603,0,360
1,8.58578277216435,8.58578277216435,-0.799297579428021,0,0
0.315205162201843,15.1985102993142,14.9624808037285,13.2215257423474,-30,-30
0.763239136173166,2.41285541838033,2.41285510219598,12.9721043434494,-15,-15
0.624880763137863,9.8449752258603,9.84477148537988,3.47833609564701,0,0
1,2.00016537632338,2.00016537632338,5.67792062664076,-15,-15
0.110904917669767,18.4591101363139,13.3933916609071,-5.51770717325201,15,15
0.415117504701356,5.1282570509986,5.1142054876072,0.0667114542544628,0,0
0.544645892719031,3.95419023239514,3.95350015246035,-2.21996880286035,0,0
0.029754705984567,31.4570092334119,8.89309582788108,-8.70954972270548,15,15
0.069292144415844,13.3045819980251,7.26581309863262,-13.2371632856677,15,15
0.383317494923082,21.3727755832919,21.2679327297531,7.35760306050646,-30,-30
0.374256049560162,21.7401914973667,21.6149850706902,6.35275024283001,-30,-30
0,0,0,14.7359246966206,0,360
0,0,0,8.39203101212283,-30,-30
0.0446525379394216,30.7410983387839,12.1418978220574,-3.09031738103337,0,0
0.0334127101638172,42.6926726044329,13.3158227387649,-14.5061818688524,30,30
0.508752122351378,13.3855665847742,13.3801845770494,1.05726122851203,0,360
0.469373533185466,14.1235129941148,14.1102506368435,-0.321051630256272,0,360
1,17.2615458937638,17.2615458937638,-15.4320464008685,30,30
0.446863673858761,16.9128208805421,16.8877384257213,1.14969945364572,-15,-15
0.204544097602114,24.3766763648067,22.4099149141833,10.0657986163754,-15,-15
0.421319233065826,23.655317520319,23.597672962264,-13.2738521005318,30,30
0.429088528736171,23.4136448889496,23.3644720265422,-10.6391748545865,30,30
0.0755722361186808,5.65589405906048,3.27300375175096,-5.73979446858277,15,15
0.110801190121679,17.7243461388408,12.8540224824356,5.45978653919739,-15,-15
0.0160707350155133,52.3037640499148,8.53789044605531,-0.66951941456656,0,360
0.487341678897766,6.18276925788976,6.17879467865704,6.08592553433021,-15,-15
0.635695746094915,6.87370519809981,6.87360208886383,13.8044605546921,-30,-30
1,21.73302432325,21.73302432325,-9.89643381295315,30,30
0.929897930828674,7.89006370036365,7.89006370036207,-2.42788764907515,0,0
0.0169457145604702,54.7152246718164,9.3773982730503,8.32451732509506,0,360
1,11.7356841165787,11.7356841165787,-4.39132073570421,15,15
0.560505278939021,9.51733493352424,9.51621031393025,-12.8109132480203,30,30
0.751380336452644,19.5290089225905,19.529004541619,9.12900386450969,-30,-30
0.478759495284965,13.821780733449,13.8111151720018,-4.6366124668398,15,15
0.694904123276223,7.49625618167818,7.49624019919922,3.58436762511916,0,360
0.697462329546571,7.45812875096452,7.45811425644178,-0.171066171057866,0,0
0.489345074095912,17.5369483102091,17.5261499750437,16.6415637681266,-30,-30
0.109521142029635,9.61158737687403,6.92837617232308,10.4223717461038,-15,-15
0.114120149539026,18.8673261558899,13.8918641125917,-1.32282651929563,0,0
0.146392115560537,19.9743213077429,16.4723335145772,13.5295169540461,-15,-15
0.311421176008383,24.4698234527925,24.0660654673136,-10.1398770065158,15,15
0.0348100567335891,32.7730918455062,10.5779418262488,-0.028969993324152,0,0
0.132280624320064,8.52828043444967,6.73753555095749,-0.842639988965878,0,0
1,11.9471059095151,11.9471059095151,-10.2766940815443,15,15
1,12.9580124842007,12.9580124842007,-16.5628762049669,15,15
0.629967589049811,30.7741000878357,30.7735520345562,10.7705384360892,-30,-30
0.582977002105576,33.0296664560654,33.0274753456957,20.3863041424887,-30,-30
0.198471200169548,24.2649081637932,22.1363324622409,1.07942509340704,0,360
0.740073067913862,19.0260390551222,19.0260320934676,21.346209540675,-30,-30
0.446355120059917,21.9938423597302,21.960893129312,-1.816866355917,0,0
0.357247746133248,20.2606143348428,20.1038914922949,-20.5165881399629,30,30
0.241871463789732,15.3002305069943,14.572669765214,-8.4198154273003,0,360
0.418004724048788,9.35185520744716,9.32758844556496,-14.9578038571741,0,360
0.0762738235386437,19.6641262081982,11.4483157448058,-24.3864470381376,30,30
0.17204257941221,33.5692164960464,29.3616669709659,0.93422842124257,-15,-15
0.15506044708578,36.6597821354204,30.915021656194,9.70559881200393,-15,-15
0.381425950399064,31.2104353703514,31.0520888629006,-22.6739442090695,30,30
0.293185991536177,34.2089914140535,33.4565080533031,-29.2418639894818,30,30
1,13.6262421032876,13.6262421032876,-18.4854451100545,15,15
0.42547665592752,29.6086259814506,29.541975586032,10.4653365466917,-15,-15
0.0270744896051788,98.547120547778,25.6820417785726,-11.1837742424345,0,360
0.467125875550445,21.1727162923077,21.1518882941296,11.4349315029001,-15,-15
0.417897730123258,7.85253529279369,7.83211781378561,18.861496706014,-30,-30
0.505608566921832,38.2211735167692,38.2046886925791,-18.7607393556754,30,30
1,15.5584065374157,15.5584065374157,-2.09134496234841,0,0
1,19.1502780881986,19.1502780881986,-1.54155398308166,0,360
0.438507500853426,12.9408254625686,12.9181922851048,-13.5437927887359,15,15
1,13.699257266485,13.699257266485,-26.7249125088467,30,30
0.57260535994866,43.9291339070717,43.9253155861585,15.5499486852402,-30,-30
0.869078869353296,29.78152378521,29.7815237794416,-16.7574795507869,15,15
0,3.59336584879382,0,-15.460134404121,0,360
0.00453253744836013,110.283195938782,5.37555845759642,-3.75133938193684,0,0
0.0283188325478569,42.3059554201272,11.462491319672,15.696757369707,-30,-30
0.563092708040652,3.75736027413015,3.75694420541315,11.547767861918,-15,-15
0.0384659463375151,24.167421613258,8.46951697413619,3.52990582960766,0,0
0.163025255991309,10.6227606440467,9.12282273600393,12.9033264686886,-15,-15
0.0992205135736113,33.065646123256,22.5900107227016,-7.57958374857524,15,15
0.048730929822429,40.8184228340256,17.2574424088708,5.59293363187911,0,0
0.306520509493447,12.6566352957972,12.4308539268878,-0.0955247299490175,0,0
0.377135563525801,10.4757586601599,10.418411176377,-9.63552583201386,15,15
0.287670469993379,12.0570832640672,11.7681931402549,-16.314583562802,15,15
0.23402117758467,27.5315057828244,26.0652344192133,9.56112597743477,-30,-30
0.191947833185694,29.4633037339049,26.6376767206441,14.3388791225997,-30,-30
0.633177474907226,7.46107905396477,7.46095832329816,5.68612356936597,0,360
0.254657376098711,15.0955228887115,14.5001847596665,19.6428321696169,-30,-30
0.362158618423788,16.9415679266102,16.8211216966271,1.88532037331743,0,0
0.271155735723613,17.4350862806092,16.8975519019281,-15.2114568740301,30,30
1,17.4073519527831,17.4073519527831,0.0202231517829423,0,360
1,15.9119220878884,15.9119220878884,-2.73672678561165,0,360
0.314899889361245,13.8164689888424,13.6008477778748,-15.6079812267944,30,30
0.43938215835367,9.92759028880777,9.91052239582486,-6.73895936269888,-15,-15
0.0546576129827282,26.6922249762671,12.3087037392901,3.8479255595459,-15,-15
0.0466637755661201,64.8073158434368,26.4956457326323,-18.1253980144072,30,30
0.141384773993898,25.0985880203856,20.405769797724,-25.8939461715226,30,30
0.0735045463008489,25.0049900373299,14.2079949377234,-15.153894521529,15,15
0.870503555713422,10.9317655042753,10.931765502398,-3.75555131546961,-15,-15
0,2.33119364102846,0,-7.00794488125932,0,360
0.294151356499879,7.10820468399466,6.95418105430367,-1.22631331580737,-15,-15
0.0381162288291877,54.8498241116417,19.0794229459885,16.1362790859213,-30,-30
0.283223359915292,38.5429839400136,37.5540492567345,-17.1246230920504,30,30
0.339306923922698,20.2032430711529,19.9916904553312,3.44557926129303,0,0
0.368528330207996,19.6518791356207,19.5267677978053,-1.3207522316725,0,360
0.0846281783390302,28.7647387216742,17.8896360771403,-17.7798398304943,15,15
0.56978319587264,0.94820831832446,0.948119711978195,-14.6027061342526,30,30
0.577456729345076,26.4702317591582,26.4682024845115,8.79908550427555,-30,-30
0.487937643728597,15.7486481531418,15.7386528807579,-0.0482696420471025,15,15
0,1.3530180737085,0,-7.15387622374018,0,360
0,0.972942753812089,0,0.41400618173735,0,0
0.36677146195272,20.6612736522619,20.5256540828502,11.2264553596984,-30,-30
0.0162499964159251,31.7787391749092,5.24069705939004,5.90409411774939,-15,-15
0.4694095628815,5.48038078239988,5.47523840037515,3.40781947673601,0,0
1,2.69331977586726,2.69331977586726,5.26522302432969,-15,-15
0.238499480561401,18.8905844298293,17.9473543604746,-12.7915392840895,15,15
0.881359786672991,11.7301880292649,11.730188028496,-2.31512435101025,0,0
0.844130622400429,12.1011750045334,12.1011749885674,-1.95629082062452,0,0
0.131623171598852,24.9000751144113,19.6278839788008,-21.3459412150581,15,15
0.406429523643952,12.611227803937,12.5705879090384,-13.7528664306186,15,15
0.420829404803235,35.7845014929568,35.6964845014898,21.0385959780833,-30,-30
0.442498221945374,34.8557058012591,34.799344280035,22.2186206216467,-30,-30
0.0294560866080521,55.848767081382,15.6529664312277,8.97562299646033,0,360
0.586637064961802,14.1206537460891,14.1198035841501,26.1440158177729,-30,-30
1,21.0449252609776,21.0449252609776,4.61561482101983,0,0
1,21.7800307449535,21.7800307449535,-12.4254119780044,30,30
0.489875066021114,28.2221617985635,28.2049814352086,17.4386583004198,0,360
0.64021476981088,23.4834221096217,23.483115039173,7.26939936434824,0,360
0.826148622353393,18.4617176879543,18.4617176070015,-8.35887468411409,30,30
0.750496515943678,17.1372518335964,17.1372478361381,7.78352975045259,-15,-15
0.681763528634062,18.4393741349261,18.439311618286,11.4524614270122,-15,-15
0.234850072497681,27.6873058718135,26.2301948128206,-14.1634743942003,30,30
0.211896629548387,29.4160144334406,27.2731294415069,-18.0660018265849,30,30
0.019294073793297,35.1563501819931,6.78169595201123,-12.0059179171446,15,15
0.772666204464482,18.7951384647408,18.7951368894906,9.67731074433215,-15,-15
0,0,0,21.1999648022594,0,360
0,1.7123962789399,0,23.176081826198,-15,-15
0,0.573156375643153,0,18.872180443124,-30,-30
0.0550205668233888,91.9136803207274,42.5933385429919,-18.8591637092086,30,30
0.461300709007603,21.3570690721659,21.3333906861857,3.47905108917106,0,0
0.23765522582255,27.1745163972913,25.8010199908927,5.99095250939916,0,360
0.567705129442951,21.1910237412763,21.1889357299777,-11.3719756931575,15,15
0.698935764430611,6.87997731781233,6.87996464602585,-4.21969274093966,30,30
0.384550066498159,23.3065216633981,23.194681579808,14.4079235845375,-30,-30
1,18.4996041856404,18.4996041856404,0.478883910164389,15,15
0.733236103357758,25.1604887004309,25.1604764509792,30.1766339966671,0,360
1,15.1208225404408,15.1208225404408,-1.26082799643821,0,0
0.125385288888381,26.6116283688734,20.5154732768479,21.1970285143135,-30,-30
0.0834841862620261,18.8281044110693,11.6112791761466,11.9325832627787,-15,-15
0.928279398527052,10.2558753998033,10.2558753998006,0.436307853723264,0,0
0.710405066538242,10.7001139740515,10.7001011185519,12.3549409690446,-15,-15
0.47901577871632,20.5122798620413,20.4965369812631,-7.77370756326705,15,15
0.905392977057106,7.12270241227245,7.12270241223374,-2.08766196282098,0,0
0.806884203197001,8.06671097013684,8.066710857756,-0.304807473682866,0,0
0.4871035820332,9.18537993226565,9.17944489499534,-10.0367427309141,15,15
0.172892222508465,13.2514889635355,11.6092065962504,-15.4815495455643,15,15
0.654914896758279,33.6102665954706,33.6099888414921,19.6810241383308,-30,-30
0.57568654009116,35.1483364557592,35.1455150881987,20.3126051061866,-30,-30
0.00772671022936701,30.4971389643831,2.4942131057896,16.2069239686833,0,360
0.14578491204946,11.307773763158,9.30967601790418,24.4195139899641,-30,-30
0.86671331053385,17.7350097575785,17.7350097533955,5.53156244245696,0,0
0.721346273908438,26.5023990300019,26.5023781851607,-22.6749268363739,30,30
0.68858425127116,34.5952603282098,34.5951679088637,9.61338526945356,0,360
0.754971982820772,30.3270355860979,30.3270297890997,0.643559615209019,0,360
0.500166335831276,27.5247667219542,27.5113759942756,-27.9169264700532,30,30
0.775310759319003,36.0182535421123,36.0182508879487,7.29728215613216,-15,-15
0.774197075178699,36.0680304867825,36.0680276803951,9.76063155852476,-15,-15
0.556855267034987,31.1827743620335,31.1787386863106,-20.6039434326076,30,30
0.545086181873355,31.6632998587532,31.6578325123498,-21.2295289323334,30,30
1,7.86612523481651,7.86612523481651,-11.4204712213334,15,15
0.35312675099852,19.6454772924943,19.4824449788644,9.39713914552908,-15,-15
0,5.55873580642217,0,2.85886722491309,0,360
0.0270037469814924,55.8877973222764,14.5316723249989,15.6701233709153,-15,-15
0.508891782739629,3.51460400097066,3.51319527796085,18.3358181906578,-30,-30
1,34.1779674719496,34.1779674719496,-12.2286140897574,30,30
1,15.2309148648616,15.2309148648616,4.23597261913145,0,0
0.236156209287731,21.0780450706403,19.9894147970841,18.7530046151846,0,360
1,26.5535326434781,26.5535326434781,-11.8509210980172,15,15
0.0271849980591542,35.7544197893465,9.3508536881099,-17.3080239419472,30,30
1,26.7273201288871,26.7273201288871,9.31844330976459,-30,-30
0.256930456359363,14.3578470657438,13.8103101621051,-3.16316322040487,15,15
1,20.0100109433522,20.0100109433522,26.4979831880631,0,360
1,15.0214088215499,15.0214088215499,8.19692842694275,0,0
0.685813427010408,14.8814952591575,14.8814514353201,12.2177367339968,-30,-30
0.204371718900124,2.0732145953795,1.90554412236491,10.8351502445197,-15,-15
0.202616655116112,16.2786047540583,14.9297787162527,-3.10033353790977,0,0
0.71559646496952,10.2223525560868,10.2223424905777,7.05588242104149,-15,-15
0.172810994993948,29.1416453676676,25.5261621208976,-16.4939570597259,15,15
0.574184354613636,12.6818926988372,12.6808343670711,-3.67312651791112,0,0
0.576087745999153,12.669003406531,12.6679969891408,-5.0572659018025,0,0
0.189792218740497,15.237972758178,13.7331418556301,-17.2148527508574,15,15
0.27717365282804,12.1064642911531,11.7657494567823,-16.827714066091,15,15
0.437266846886152,25.380825311395,25.3353439701656,8.1958538403261,-30,-30
0.171181460266255,36.6841423336882,32.0332916260144,19.6800903093299,-30,-30
1,12.3398367888917,12.3398367888917,6.32068497055011,0,360
0.187595354619764,17.2933189836006,15.5338778905962,20.0498570866608,-30,-30
0.358157229103074,19.2742181931987,19.1274297156627,1.21697209773688,0,0
0.292055345210043,24.4797361958319,23.9317127856948,-22.4293463385209,30,30
0.423090567414807,6.05069027896391,6.03643456538896,-16.3000432657798,0,360
0.382387145818507,6.5048604670608,6.47241772348463,-18.0360734512741,0,360
0.129413349450478,18.3808190360255,14.3786364549825,-31.2200928842446,30,30
0.287997090047362,36.2928455630814,35.4276376649871,2.55393412844762,-15,-15
0.209051186882486,40.7754606975984,37.6849443711572,10.9692511884587,-15,-15
0.274355656429308,29.7995601558681,28.9242301606552,-16.9255260800263,30,30
0.19919420120414,34.4011088975388,31.413169778341,-23.7300610620395,30,30
0.231485734409898,8.88754424131554,8.39668943887767,-16.8686527411391,15,15
0.3774470027108,25.5009767941579,25.3621426049878,8.37696171555226,-15,-15
0.691108457991193,6.3538364644942,6.35382094411898,3.94869748370749,0,360
0.128246250604166,13.4508805571799,10.4786480509591,11.2460820571282,-15,-15
0.03318474819114,34.6198616287994,10.7360438085845,21.7043347886236,-30,-30
0.361841254496354,29.8695363306641,29.6560134306018,-6.80057204645038,30,30
0.0540033676979695,15.3751462035978,7.02671739732929,-1.10486836523119,0,0
0.306689793346021,2.40427358071985,2.36149883705203,-9.85648479202874,0,360
0.0364619492089955,17.790424478485,5.96698372203659,-16.3653581466394,15,15
0.480219761122436,12.5043619630077,12.4950062057583,-27.9892209255651,30,30
0.22465855440042,43.6708080962893,41.012445458965,11.0701702987051,-30,-30
0.253304784520765,28.6433606278202,27.490966530779,-16.3816821735925,15,15
0,0.405670454760131,0,-18.3771935610448,0,360
0.0139328280920391,50.8054664264537,7.26611567051394,-1.10968690718879,0,0
0.0975465158791339,47.6068483740373,32.2131661414049,25.2836739154268,-30,-30
0.0484808606958974,68.0447636546912,28.6546239240768,1.12506191079635,-15,-15
0,0.62293695981459,0,1.10987725382237,0,0
0.314573939811881,7.6293210024253,7.5096324470077,9.43100005555517,-15,-15
0.0465482107579919,56.2871517056887,22.9678883236365,-10.6010362915381,15,15
0.222720305454331,11.6168561911698,10.8900156214223,-1.17515953211022,0,0
0.255342723699414,10.412933881228,10.0064026425295,1.13251121835515,0,0
0.101040110722801,30.4916849078634,21.0440112973153,-16.3273345044692,15,15
0.43014641903894,14.4624724941483,14.4327121023132,-11.0250923900755,15,15
0.331463799030206,23.2102775778942,22.933548653836,9.78373075078453,-30,-30
0.297460014560157,24.2933334232333,23.7934501187429,16.6007933464344,-30,-30
0.0244313825579248,48.3560374674346,11.5188266596001,5.99388948536695,0,360
0.306206568106278,12.1931969310342,11.9745972051591,17.9254728885427,-30,-30
0.357285569994012,16.3650882519171,16.2385805668267,0.734028920046316,0,0
1,15.9906774411013,15.9906774411013,-15.8401069131504,30,30
0.063740129099404,19.1712439051212,9.88134909363318,-7.99374826610129,0,360
0.347247521503902,5.62801901700386,5.57642618342099,-15.8281890277097,0,360
0.0124256778246503,42.4076106142702,5.4493531583168,-20.0164534663854,30,30
0.197419576603909,26.0130326080196,23.6979570525276,3.41981788810752,-15,-15
0.183785233869081,27.5414669461679,24.5913720310627,5.73739096006193,-15,-15
0.267012368968395,21.9048274973001,21.1860359778283,-14.0229742209083,30,30
0.168240366986818,27.9554170401211,24.270377023881,-23.6122401094207,30,30
1,10.5233063822122,10.5233063822122,-13.5623033023763,15,15
0.678293881881934,17.8995814390948,17.8995130644003,6.44130107415205,-15,-15
0.03401781554045,30.8930866892728,9.78146532700741,-1.73830654083595,0,360
0.974060068873753,4.52824097676248,4.52824097676248,3.57098394274657,-15,-15
0.371909007159537,12.6581445148871,12.5821786880198,16.1613012684587,-30,-30
0.371898934961049,31.2770364382092,31.0892992002849,-16.2613611812197,30,30
0.332418535652338,17.2174522585758,17.015375737979,-0.520900255196189,0,0
0.319189208543629,17.4841279788567,17.2294832336058,3.39069771260943,0,360
1,9.67074441477725,9.67074441477725,-7.17833053311276,15,15
0.231045341406979,12.6680417887765,11.9639690264714,-19.2080116006125,30,30
0.489119757999557,33.2307985475971,33.2102372294152,16.04763341469,-30,-30
0.581629968905902,21.4501162821658,21.4486419481293,-4.72448153505063,15,15
0.0728086552283097,5.12302333368777,2.89258925685839,-0.907329698847444,0,360
0.0145445711527028,24.9836047084368,3.71877301065742,1.74747293992001,0,0
0.720485753895241,18.0703209624065,18.0703062592936,19.0058670100616,-30,-30
0.0306865970347757,27.4897669827433,7.97886013976078,12.0462195565764,-15,-15
0.129862664009604,12.9084648114616,10.1137310760439,2.35079729654011,0,0
0.540313603653162,12.562362027217,12.5599289859571,14.6240444154312,-15,-15
0.837255872505602,22.4150821190252,22.4150820714809,-9.52928383732262,15,15
0.769462487546506,8.41775768400263,8.41775686108939,-1.22572734265423,0,0
0.711765445513601,9.28305990887318,9.28304931883223,-0.255604061350489,0,0
0.603730623352573,11.5331086983981,11.5326723413307,-11.575708483687,15,15
0.593619919723797,11.7194131310833,11.7188281222904,-10.024745169991,15,15
0.167678708610579,35.5843972846505,30.858756977973,18.3094033546021,-30,-30
0.272268902226519,28.1096258668812,27.2574380184626,17.1492236728412,-30,-30
0.0309174698865386,39.8509059019088,11.6406771400864,4.70636973010466,0,360
0.0578817146375415,49.4858600410167,23.8031478173321,25.8907160815203,-30,-30
0.383969359292806,23.3262499619579,23.2131479372193,2.83194269529367,0,0
0.513696145112132,16.8865383006137,16.8804635918234,-14.0598718559416,30,30
0.634310654081341,10.2526963520309,10.2525360003637,-1.4192519600845,0,360
0.616834294777743,10.4338824216644,10.4336097130348,-0.403034505773012,0,360
0.356671974206239,24.2157441169657,24.0265729236852,-21.5852223195355,30,30
0.279797072273515,39.007038037984,37.9522949660446,15.0706390338343,-15,-15
0.413463284990876,32.5078674058239,32.4159842914116,14.1840186218723,-15,-15
0.634909022507419,28.8943172692255,28.8938734311657,-9.64011708144158,30,30
0.586048801985299,31.4852175486892,31.4832920320297,-16.5842015745088,30,30
0.0231851231792197,24.2116555117493,5.5065826635005,-10.9954853826874,15,15
0.411738547705321,13.9956061407017,13.954749184323,3.41061997726327,-15,-15
0.036708693134971,40.5518038256142,13.6770664561865,-10.8079751296498,0,360
0.612929670548975,22.1746356078385,22.1739876523168,10.4929532056437,-15,-15
0.346224584364829,11.6110176806515,11.5027285850463,20.9547116657095,-30,-30
0.288867212891255,29.3494467390953,28.6591153105988,-7.20916510066224,30,30
0.0346364274515543,42.1033754603129,13.5329379319865,5.68000784255638,0,0
0.166454210715564,10.1771419812625,8.80357476994751,3.45574421013933,0,360
0.361206364446386,12.5273848412872,12.4368476943117,-8.03095349442419,15,15
0.19291421328009,7.44276934625117,6.73831759797477,-14.462967308862,30,30
0.222109567741838,32.4055524308638,30.3604165980601,15.5009603173671,-30,-30
0.574319242972933,20.6482418534524,20.6465247072277,-3.43130925850525,15,15
0.00355650938476896,34.1604179299339,1.31289730170589,-1.97886070897262,0,360
0.00378606025716526,38.5346440678271,1.57480170023183,0.45512858394362,0,0
0.308109665330212,28.7369188734661,28.2370568952206,27.4431303169465,-30,-30
0.344160002274399,5.70109224500709,5.6460450793709,23.8039977868896,-15,-15
0.357149059245094,21.2081936146297,21.0438636350703,5.3059095614246,0,0
0.2504973734786,10.6437166569275,10.1974462848021,14.7395567725053,-15,-15
0.03253202676379,65.7763798409688,20.0599259062098,-1.38303382477565,15,15
0.00534771822254103,25.9263530450999,1.484982992341,-0.822870504240518,0,0
0.0109416327442518,33.0731466530507,3.76983854249861,7.07056456548391,0,0
1,11.9194501297451,11.9194501297451,-2.1337493668521,15,15
0.329730362745015,16.7914486967325,16.5854648427797,-12.9474505749864,15,15
0.549210382484515,34.5613987577154,34.5559998703773,22.3663155104523,-30,-30
0.521571851751143,35.7436158455438,35.7328714387918,28.794370125318,-30,-30
0.899761384862721,18.6779287582354,18.6779287580437,9.07793214741409,0,360
1,17.201014774462,17.201014774462,25.3618071883039,-30,-30
0.482183024010546,12.6880127105506,12.6789066039393,13.378054857253,0,0
0.142765290394367,34.1508144592326,27.8774822442717,-12.462490249473,30,30
0.0117752550596646,112.421975438153,13.734013558309,0.88095816859522,0,360
0.0227295489425785,71.9061553333991,16.0683279643866,11.268208825348,0,360
1,18.1694349170643,18.1694349170643,-2.29330491329916,30,30
0.0410557367029332,42.9960421340917,15.8844202240309,10.1143270172636,-15,-15
0.138368441047298,18.8630134458414,15.1973832742962,14.9691478731839,-15,-15
0.659139436646968,22.7478983735662,22.747734206661,-8.09427981244636,30,30
0.639852754559592,23.1468694498604,23.1465634132845,-7.38576654807806,30,30
0.705079537428146,3.60557820439807,3.60557291106905,-2.16770398973815,15,15
0.0274305075498039,52.9452827279375,13.9551836038179,7.41253688765072,-15,-15
0,0.981103386161737,0,14.6349622381861,0,360
0.0802796897503774,7.23706883426433,4.35452279813113,17.7823970802293,-15,-15
0.673902835347105,5.10383673951766,5.10381410798201,23.5262421323211,-30,-30
0.299534952423266,37.3000994014617,36.5571467241826,-12.7976854541932,30,30
0.667258498118969,20.5646469084816,20.5645330676774,3.84235488816123,0,0
0.635262873874581,22.0105890774459,22.0102545657122,12.6444868120076,0,360
0.549393709417064,15.673126391253,15.6706889992096,-4.54078443643292,15,15
1,11.3298686609409,11.3298686609409,-19.0608331695475,30,30
0.442042890143687,39.6910401122639,39.6262809151018,22.4409064557321,-30,-30
0.573851973304017,28.3111948304282,28.3088118334161,-4.60653129061492,15,15
0.82656118441135,13.7584490230292,13.758448964256,14.5655345874128,0,360
0.922750866470706,10.8504751698771,10.8504751698708,1.59951243938083,0,0
0.673825792461423,21.1098403153166,21.1097464660846,17.8190884649119,-30,-30
0.0163317245052086,51.1938851487088,8.4815411366518,12.1449051879671,-15,-15
0.505363759925728,12.8084793381792,12.8029248656031,-0.222749902340597,0,0
0.336434785235743,8.93765092729024,8.83948899134011,8.80978479894623,-15,-15
0.224342146046606,27.3845948803801,25.7101206897778,-16.1513102713817,15,15
0.0798804367274743,25.9150025881547,15.5435838862781,-1.90521276773511,0,0
0.21227346878436,13.7635617830728,12.766180898245,-2.35695635168499,0,0
0.347555983749028,13.3384379111881,13.2167966964578,-14.9571125021477,15,15
0.345827068445697,13.3560523445735,13.2306526782018,-15.8739644926829,15,15
0.182127995276811,40.8946014435494,36.4153571327945,16.2559923259584,-30,-30
0.271183405975336,32.980076143564,31.963704759036,16.8083246637225,-30,-30
0.0714248910122591,28.5946375674382,15.939350123473,1.72546839869121,0,360
0.619615732591074,16.9198255846966,16.9194174120555,18.1885127719746,-30,-30
0.680198334916988,17.6772578893177,17.6771946331576,-2.28853161358932,0,0
0.594143499394207,20.8773806189907,20.8763531385105,-25.5163588013301,30,30
0.191381194888365,21.1647224475343,19.119244580819,-7.12548379926057,0,360
0.186781362656683,21.4511301941854,19.2444940151155,-5.30258892893964,0,360
0.426376865047761,23.2613883364205,23.2099213337065,-28.3538650363827,30,30
0.307101462524253,34.534158462046,33.9237578384062,5.02809800417212,-15,-15
0.284420567079365,35.7202052658765,34.8203963502346,8.2263729050515,-15,-15
0.550560648785202,32.9186676825938,32.9136923250718,-26.9852032842735,30,30
0.549233240265562,32.9613507658586,32.9562046955712,-23.9722476851845,30,30
0.018698396021588,34.2618182104863,6.42382001628214,-16.1822577289567,15,15
0.212941708728406,12.1363561246711,11.2650631873603,-7.41066761204928,-15,-15
0,0.944633649839721,0,-4.62768137569623,0,360
0.0217544781371971,33.3803393904533,7.17333982656007,3.1463054108577,-15,-15
0.30502080498317,11.0873556208004,10.8848123503998,11.727199568979,-30,-30
1,28.6529462923634,28.6529462923634,-20.0278090352321,30,30
1,5.23360840148365,5.23360840148365,-17.5369549104427,0,0
1,5.9503717403938,5.9503717403938,-10.2470263804691,0,360
0.932567652813746,8.87573356465838,8.87573356465721,-12.9962064625178,15,15
0.221257738344941,12.132052564091,11.3571172210201,-23.7667913507439,30,30
0.305956241328466,28.2677646332981,27.7589649285822,3.92380866216852,-30,-30
1,20.0001642828405,20.0001642828405,-13.6358130487878,15,15
0.106173419512944,20.9133320004741,14.8290525562685,-2.49891191006272,0,360
0.389117735779227,6.26251237865395,6.23482503584535,-10.0052039470469,0,0
0.0579529056906202,52.3197260461701,25.188824889722,26.0739756367498,-30,-30
0.850748364498208,8.60391213702726,8.60391212998348,19.0760817764116,-15,-15
0.80828540930647,14.1649907411752,14.1649905590277,4.14095813410577,0,0
0.543215273675672,13.3490512621981,13.3466398152447,16.6027892787962,-15,-15
0.549665839749033,18.9552852364721,18.9523569461413,-2.03352569648501,15,15
0.0471652021678929,19.9648051168746,8.23046213602959,5.05742572550858,0,0
0.113368773279681,7.71992868184598,5.66504832862291,6.46029506579845,0,0
0.231589282229745,16.255516771482,15.3590621058825,-8.04372143742076,15,15
0.214562796489719,16.8435799663288,15.6614627128309,-11.5247562736333,15,15
0.489929513633718,23.9353601354985,23.9208064792394,13.3179721297253,-30,-30
0.233061944815119,30.2226951540756,28.5907845787676,21.0576844170768,-30,-30
0.0369104513867839,1.22352233636739,0.414528390449951,18.3595480511687,0,360
0.264482789862232,12.0630483409501,11.6519191644519,28.7892731252646,-30,-30
0.24291823161146,23.8542289044156,22.7370157281464,5.53832131782811,0,0
0.359269474068267,19.4070045875425,19.2619978849495,-12.7892341184441,30,30
1,19.772319086876,19.772319086876,8.46289926036659,0,360
0.107771008752172,34.5788592358264,24.7149220201049,23.3280263749412,0,360
0.349540340132455,41.6988866661712,41.3311402030311,-15.6319545567197,30,30
0.680938806384108,22.7820523127476,22.7819728421121,8.15908381124735,-15,-15
0.428940568583631,27.0952784883432,27.038211097929,17.4929222549249,-15,-15
0.395649186351018,32.7431359262561,32.614518298961,-16.184539712346,30,30
0.276045342319657,36.976269026878,35.91762946414,-24.8426541476082,30,30
1,8.40534310247135,8.40534310247135,-13.5839676075247,15,15
0.35926454097886,22.7725574546288,22.6023893524005,7.86844218744265,-15,-15
0,0.528687343137357,0,9.57145249742152,0,360
0.378673277883132,3.12682584113627,3.11016779552561,12.4360434459714,-15,-15
1,6.97437523617414,6.97437523617414,20.4414628367873,-30,-30
0.427727947819782,37.8009191078531,37.7194242388178,-17.151063799887,30,30
0.297188316917186,15.633022096014,15.3099706888134,-2.38490903075121,0,0
0.197874980949709,17.671930823304,16.1089750408676,3.80492052574916,0,360
1,13.7236248663356,13.7236248663356,-11.648629413214,15,15
1,10.9099735216399,10.9099735216399,-23.3208497068779,30,30
0.31956634459202,36.1807877466652,35.6570406013061,10.1589335222851,-30,-30
0.509432643439391,20.6119265116347,20.6037643781982,-10.7457145483905,15,15
0.103050026676416,19.6056133185823,13.6786687306054,4.80528213390553,0,360
0.223055788403883,11.4489787083962,10.7360354976692,-0.183896006222242,0,0
0.0458333242890266,43.2507227140406,17.4364400601,25.2080943234643,-30,-30
0.056827071679723,20.7094023965144,9.82831842867432,16.3405472902235,-15,-15
0.178833542345417,13.2141355889084,11.7013339943694,4.48819963244382,0,0
0.807751621485472,10.579844155816,10.5798440155447,13.0113945941525,-15,-15
0.306906040501237,17.9232817726993,17.60549868172,-5.14914084707119,15,15
1,6.32617630006518,6.32617630006518,0.771930665699678,0,0
1,7.21478552285951,7.21478552285951,4.15747732322287,0,0
1,8.09278729932754,8.09278729932754,-4.03452052313269,15,15
0.117962620517747,16.0423865357694,12.0094083808145,-10.9986646153729,15,15
0.840544609747369,30.5558421577339,30.5558421059583,21.2119041805888,-30,-30
0.848671254967902,30.3948227854456,30.3948227564765,21.0193723004706,-30,-30
0,0.168159320316961,0,24.4331870694594,0,360
0.018767142513425,14.6639902768706,2.75856066211423,26.9010809801594,-30,-30
0.452522642467201,14.06965994576,14.0510257185118,13.4274976394728,0,0
0.086338553816921,39.9676614005297,25.1647537308269,-9.95377769506324,30,30
0.23515205889983,29.0841430325962,27.5601520644918,14.7624552496535,0,360
0.237127839533375,28.5869636310638,27.1310438048838,21.3850217785269,0,360
0.729816314940028,36.7845054004936,36.7844847982153,-15.528632637091,30,30
0.935494861527124,23.4923455753305,23.4923455753286,9.39596791131945,-15,-15
0.754940028401385,26.7936877583725,26.7936826294202,11.2668286592274,-15,-15
0.339079936135345,31.8248257280926,31.4903194047669,-20.9756013359034,30,30
0.372429457550027,30.4941581378315,30.3128135083357,-22.4610459203348,30,30
1,8.70100537413166,8.70100537413166,-16.0585762718059,15,15
0.243666938572901,27.8432299591775,26.5533076627317,9.83840885597005,-15,-15
0,0.358708444778024,0,17.1617876147221,0,360
0,0,0,14.0637750729192,-15,-15
0.17277133989771,9.63565521949706,8.43956882643046,21.8661070525856,-30,-30
0.518971469595295,42.5173808243161,42.5038150153939,-21.4792616014727,30,30
1,18.8545172459309,18.8545172459309,-2.15293665963985,0,0
0.189604961755921,29.7003060156875,26.7597772602393,10.1024470816185,0,360
0.223424071209453,26.434712402049,24.7971503627567,-14.3778241138973,15,15
1,8.14355938861355,8.14355938861355,-23.9204609827638,30,30
0.620294929701153,35.7099282338856,35.7090835400242,11.9784071471398,-30,-30
0.981631030291651,24.3477068984635,24.3477068984635,-12.8991021517982,15,15
0.467118671426054,12.7482885200917,12.7357459244429,-2.06577859372745,0,360
0.414298093559218,13.4106634374388,13.3733475927014,-2.1032708934403,0,0
